"ST3AM1A56AK2C1XAFJ4115ZSV26EB49BVQ10MGCS0","1"
"SP06QC626XTXDQ2D6X6SV2E5SVMNKHNRHYSAMN4M","1"
"SP1003BKTJYFY7CZYBT8XY56VZMFTWH9P7HFC47PC","1"
"SP21VSK5D238A9MJ61MC49RQKEJK9666ZXS5GNFAB","1"
"SP22DYPXDN4KZBH2RNKC7ZK1XCPDGGE7CEACS0E81","1"
"SP2410YCCWEFF99XHCNGSBDC60WBWXFC8B5433C56","1"
"SP24Q2ZEFZ07EBFN5N3T007D4GJKSG2JYZ0230CM1","1"
"SP25JVS4EYSAZAC64PCRWM29GM111F4RWA210DJ8J","1"
"SP25N1G801VAPDT2N8HEAS6XQN56C24AE63BE6NSE","1"
"SP26C9TWJYK6DTCD4T6HKBC76DPMK2DXXRNWS3E2D","1"
"SP26N3ZTBGGGPC0DYW9KF13KBNBWT3RK0X9CDF686","1"
"SP26QVHEYMTX6MAZB46S1MG91ZYMVMPX0NYDFNSDR","1"
"SP26YMK7WF22147T2KFV55EY856Z67H855JZAJ7TM","1"
"SP274C9SKTRQV06W86GVVC0MGSNJ1EMXYK8E46PXT","1"
"SP27E2CYZ9P9W6BWM5BSJS7TFSES4F232RB7NYM8A","1"
"SP27SD3H5TTZXPBFXHN1ZNMFJ3HNE2070QWHH3BXX","1"
"SP285SM64XFAC89A58TBVC7QNCES9B6KT5579HQF0","1"
"SP29SFB03X2KN1WG2WNJAXPQC57865FFDGN7W8XMM","1"
"SP29VWA66ZWAR1XQWYNDX9TJTYKFX1ER5MYEF4H4K","1"
"SP2A5P4Y4J3G67PX64622JV8MBB2ATDXT12M825AH","1"
"SP2A665S3H6FVMZSY4VJ17ESXX21CGS0A32984B1H","1"
"SP2ACM4ECBGRAPJH3Q86VAQ4YRBK5G1C7F4VYJ500","1"
"SP2AY25VAR3TJFWEZFGG0KHPVE7WP0RWQYW5CJDW4","1"
"SP2BEFSB43KR4M6C9117SA2A6T4SA6H0X1XDZF716","1"
"SP2D79VQYTRYHCQZDV66Z8DG5PZJ6HMN7XRK2X6Q7","1"
"SP2DP1DV0R099CGRYZRAMV4GGXA14TXDW0BK3VMEA","1"
"SP2DSFDF1SR18ZKKBMST124Z0CPKBKXE6VG3PNR78","1"
"SP2ERT3QFK9Y53R65RBSA9SXY6MDM1K44999XCS71","1"
"SP2F2KH0RVX6GF1Y9FWMMSR9RHG0TW3NN72D724NX","1"
"SP2FJ5TKSCAE1VEEJ8DT64FT2GQJAVVA8X9J1FWYD","1"
"SP2FXRX486F3F4S261YFYCNF9T8FAMSM7PKXN3PPR","1"
"SP2FYPZ8NX755K2HQF8M2M7N2EFMD65YZFFCZRYT4","1"
"SP2G270MNWJQVT3R5HM25SFJTV7YDQXMSTFB36BTP","1"
"SP2GP6R0JZJ846506J5Z0XDM8YAXAZ7RQMR17SMK6","1"
"SP2M5YGRBM1WD9PNFCS0SX2S15PAVEGN9B8VAAR0J","1"
"SP2M601PTNWDAKNHA8RJ4KDCBKPYSHMMM5N30D65K","1"
"SP2M6Q8A9YKDRABAN5YY6ZHEN3PJ1PSGZ20AR9BSD","1"
"SP2MANB3ZJ6BE6QC6YK6A8ASMR5ADBSW4SWP066RZ","1"
"SP2MJ2T4H49B6ZCRFBGNTFBW8M0NDMF630SXN23FB","1"
"SP2MQV129Z7CZASBDK8TDZ9MN87J6RNV7WY2FZ788","1"
"SP2NR2625HB0YFFRFBD9VHVYESNY83VTMKZXMV6H0","1"
"SP2NYHBSG5BTQQHJW7P7A6DK4A1ZXRJ5T7TWYAFJF","1"
"SP2QCE19FX7WEK90YC3HEYW5185T2C170QS31CN7F","1"
"SP2QDMH88MEZ8FFAYHW4B0BTXJRTHX8XBD54FE7HJ","1"
"SP2QP8258WH32PK7HH1DNNEYXMKVFXNR7W1409R4N","1"
"SP2RTE7F21N6GQ6BBZR7JGGRWAT0T5Q3Z9ZHB9KRS","1"
"SP2RTH5XEXXPD0ZF639WAM43G6YV0PT31K2KEFM5W","1"
"SP2S65F2V0HGHXRSW1AFSB0C1R4ACWXP3363FJJ67","1"
"SP2S872HVH23Q1M1VQ6Z55VM11V8Z7YG8V3TZTR96","1"
"SP2SFZX1WJSKT1GA2STDT6E5NWDX44GW4BB8DW4DJ","1"
"SP2TGN9DJWTV02B9HRGX6Z43Y7052DTZW6FZVZH0S","1"
"SP2TZBMHPE6C37PAG6VPA1AGT310HCDGBF5GRCH6C","1"
"SP2VG7S0R4Z8PYNYCAQ04HCBX1MH75VT11VXCWQ6G","1"
"SP2Y07HKV529M09HTD8N452RBW8ZYK3C0ZDW5X9G3","1"
"SP2YH9A4K2EH3ZE4JCBH8NREHP5DT49HK812AH6G6","1"
"SP2YT64CG2Y0JERQ4YSJV4DHFQEBF4Y0K35G4D51V","1"
"SP2ZR3MD6VBM689M1ZHQT495ZNX4EZ36P4WT8JANY","1"
"SP30AGJWYXQZQKVA62PKQYGTGQZWJ9X6ZAW5NJF4G","1"
"SP30H7S10NK42C2AYJXV6RDVE4AM93BJMEBXD3GHF","1"
"SP31DB0CCWE8SDN1TDPZ4Q2DE05DNEN8F8A6DGDPY","1"
"SP31ER8WTA6RM08Z0GNTY786T4PW6SYKFTNMTPRSV","1"
"SP32G5NZH2KJ7P0SDFC7MEG06MGR6ZJB8FJT449SJ","1"
"SP32HN7ASZ45RGXM4SAEE2K5557P8CGAATP6NBEVX","1"
"SP33M793WRK2Q7CKV8T93JRB942KPJGXQ0H1DA9J3","1"
"SP345EHH82Z84XC19DM33PT9MYY9ESQ5B3TQFPH94","1"
"SP355N7XZRWPV0AT7Y0ZY3VBHQK1W5Z8337JMZY7Z","1"
"SP356400A5XM1ZKNXCQ7BJRE8PXXG1EJHV3954Z27","1"
"SP364J7EDJXRE1FPDZDABP9M58HPY4G88BFCP2HD0","1"
"SP36MCQHXPP0DZ2KPC1KEY6ERC8GKB6QVCAK0PQYG","1"
"SP378TZED8SQDJMVSW173VW53B9A9E9GJZJX9WZ8W","1"
"SP37XZWB0DWXNKMT0172HHMWCK35VBBEK19DN2YYT","1"
"SP398XE371G08T84A99TCBD8XKWY3S7VVX6JKJWKY","1"
"SP3ADSJYZXJ6XNHCHZVWV5K5JJ2WCBK4NVCY8FWBR","1"
"SP3ARDZK04R2TYREPBDC1WFMFA38Y706G7D2EV149","1"
"SP3AZD0R8FW6XWTHZRY06KCJ5MHRAVJGMH6QTT4YP","1"
"SP3CV98G6W9B2NPDX3XT7V96BBYKKJ004GYSJAFY0","1"
"SP3D5EHK8SMJ3MMJWYCAKWJ2H4F1JQX85E33ZJDB9","1"
"SP3D5KMRB3YMJM4R2Q8YDN3XQ82KXGMACDVRT9MV2","1"
"SP3E8K8333G3QCEXWZBMCKJDFXSQJGD2E749BM4PQ","1"
"SP3EPS563XJNK170J902C78ZPDPNXVZFWWCN7DGWH","1"
"SP3FBR2AGK5H9QBDH3EEN6DF8EK8JY7RX8QJ5SVTE","1"
"SP3FQA6S5WF255DC67DY85Y6H5FFPWNBSQRK0W7Y4","1"
"SP3G9BMCJ0858Y68MM35R6HA0WAZDNYXWZBN4RYK1","1"
"SP3GE39H9Q9SRZEGM8DQVR0Q01NKY2YD8TG7GKX1K","1"
"SP3GRJ1FJT7QC7N51PQGR6PZXMXZH5SKQ8B4JRW1D","1"
"SP3GT6YMNTGNZ50RBFAPR5WWJMQ2XKJCJAY6KQTFD","1"
"SP3H2JP9T026CVK8FFE8THYQBA0DVPQN48RXJ7SRT","1"
"SP3J0Z8YSJD20TGEBE6M992CWFDG18VB0PR599VY9","1"
"SP3JKZ87BZ1C11M7HJ22ZEDXFP7KCXMDWQGTKGAWM","1"
"SP3JMPP4S5CZBC68XEV2DPWEFTXHDFFHQYJXHM119","1"
"SP3JPZ24AT6QHPY40Z1V9P4HYH1PNHBWKGJMKG6F1","1"
"SP3K142VCVFHD38X6HBZGBY3NJXHWYE087SNQPQ59","1"
"SP3KZ1XDJT57BK81JWX1VFT3V70DYSZA8SQYQPAK","1"
"SP3M5HQJH19J6AKFME7N5BN3NWBXQGBVXKXS5WPRF","1"
"SP3P1TCXN3FP3V79YWXC49F5X2HYKS39CMCP5FEHN","1"
"SP3PZGB6ZXH1G9K158H56A6TF26X7K1GGMAGMW0M3","1"
"SP3QQZQF09GA87CYRFZPZP13N9PCECWMHEACX44YJ","1"
"SP3R4CT6FKSE76H0ZKNDHFP8XNARB53Z5JBRGQAVE","1"
"SP3R5TCK97NMBS1V1MARCK0YTDFWG1FKJ94EFQTF4","1"
"SP3R8C0JYZP1ET9VCQMK393YWHY4Z8EG6XPSCFHJE","1"
"SP3S0KVK1YNQ2WDN9WMFDJ3VZZVBMNAWK033ZBGX","1"
"SP3TF26QFS3YMYHC9N3ZZTZQKCM4AFYMVW1WMFRTT","1"
"SP3TYACVPAPXP7Q0QTQQRSW8Q67VECJQ536MGKNWT","1"
"SP3TZ3BCB16A0W0PPFYMGTTWTT3DVWTQEP8DFRAG1","1"
"SP3V8TCVWMY9BP0Z3D2JEMMMASMSBSM317E02X8WY","1"
"SP3VCX5NFQ8VCHFS9M6N40ZJNVTRT4HZ62WFH5C4Q","1"
"SP3X4PH6ZSHJ2T3E360AD5K91QJX6CJS2QM8ZF0XA","1"
"SP3X9696B2ZKFMBHEJF1RBWMYDQ2YGXDA11GFYTE5","1"
"SP3XJTH5TJ3PEE67T02AA4DSBC89A80S028SQS769","1"
"SP3Z7511VWR5WG9J3MAKER3NRZYKWT83K2XTP36EV","1"
"SP4CGQHE7CHWA9WPJGE45Z0PWV7VYKHX6A3P6ANB","1"
"SP4JRVAABXMXVNSA023C4KW3MEHND6BGRPQK51NB","1"
"SP4QA0NHP03T3T9GJKR5KEA7VQ2KNSXRK5JC74NG","1"
"SP50EJJ624T2XCAT1N9ESGXY0NSXGBCKJE2MG8PV","1"
"SP5MJB2231XSTW82MEX7S7HRHAAM918CVJETR0K4","1"
"SP5TQYPJSBVHV757PJZ0KMXGT8SHCNSDTB2PNY0Z","1"
"SP6VV2AFXM7ZMT5V3ZAE8M6JXK9EA5N1GPFHJC4M","1"
"SP6YAN6MV4SS2YJRMA3HQ2PYVQGVHV4W08D8HZ3V","1"
"SP7NHV7JG5H61HD6RHM1E82X1P2AXXXB1PGCXR4C","1"
"SP7SF84GQZVTS0HD33NKCHWNK2JSQHGKKN4F0VSX","1"
"SP8PAXVRRJDS9VC1HT95EW451T17TP977JXK204S","1"
"SP8V4KVVN0H2Y483T8XAK74Y3K2EFA6FMMHAT9WC","1"
"SP8YR0J11AF8SNKH8F28V1YWJKJRW8YAFP0NSYAY","1"
"SP9748CXTYEWCSTAQRQ1KHDV08AC37JCNW95NKMJ","1"
"SP9EEKH01FDGCECXB649JB4T2Y8Q6CM5XYXFMTAD","1"
"SP9J6BTSPCXGQ5HC066NRYQPK43S48V7K299PTQX","1"
"SPAT6CDQN977Y6RC5M294GX63QQBSD8BMMX3DJZF","1"
"SPB2VP5GVD980MERQS4J4H479RGKP1TKSF24BHTM","1"
"SPCH9HWZJ73ZE9MY4A77YM5ABHG09RYCVEQZNK1W","1"
"SPCJ0Y4B5314SVDVYV00024T1EBZ4N8HWD1169JH","1"
"SPDAN38PRX7F4RZFQYSCZS3Y1QQZF1AG6B7YBVSM","1"
"SPEJ2JKG5SVZD793CEWFZQ0VDPEGZ6QVP39QFAHM","1"
"SPF53R3X4MZ9QT394M31HA900GXHD7DC0WE4032N","1"
"SPFERFF3QKF0Q6WBC4Y2Y6RQWEGN3DTDD5Y7S0NY","1"
"SPG3303TZ19QMRYHT2QK87CHXWSDZXVG2M4RVKGB","1"
"SPHKPJXTXJ67E195R4Q7R5XWY4AJFNGW7300F5SP","1"
"SPHWCHVHRY2Q4884XNNSV8B3J1T41PBN0GQE16A9","1"
"SPHWY482ANTWNTW2618HYHQSDY1WCW7P20BW5F7Y","1"
"SPJG7KK60G45VG2M51JNHDHN2TWBCK45V9F8KAVH","1"
"SPJSCF7CYKQETN42SXRTM7PT5MYCKQF7V8Z7XBX3","1"
"SPJT6K44GJG1QF2JN7TY19V5CB6N7E0P9AR0W1SQ","1"
"SPJY0GQ2GZWVJ5PF92HRDC4X3KQG2Y0Q5NCCERAX","1"
"SPK0XHWF090MQP228C6Z24ZDQHEN88ZGEXK3RVM3","1"
"SPKDKYWGT1P3DHYVRMAB9T7EZVY7KGN8JTWKED08","1"
"SPM1Q7YG18378H6W254YN8PABEVRPT38ZCY01SJD","1"
"SPMN66053GAWH9EWEKWV9BVZ4HR3JEBN4HKGBWK8","1"
"SPMNTTDYV0Q03Y28PM3KVPPBK83VGZFK18Z7RC2R","1"
"SPQ34GN2WE12D61BQV63FKWR9FQ6X4JYA7WG6F0Y","1"
"SPQCAMFRAXV93WNZHWXSDHSZGZ72G9RJPHXQ8CXN","1"
"SPQV5QCYKBGYG8AHB2ZPT5RJCWXNWSGMJKXYG5JK","1"
"SPQY88E87FNMP1NTY2YQ7X5DPTVY810PS8T6D2Y3","1"
"SPR50TAVGFX778RNPK2H0AFHA8Z93NV8GH0Q8EZF","1"
"SPRJQY3E6ZV9KG4HQW5HQAXK1NG5B2CW2PVFNEBZ","1"
"SPS8DW12PFNR295A4FQV269HV1WT4VWXMVHMM5QM","1"
"SPSX317MQWBPGD6PR343XEV09Y7X6M6DBPP2S1WK","1"
"SPWGT7NX8AD9G1KA1TX07QRZST6GC85CMF3SBC7","1"
"SPWKDKPZ3QDPQGDADWJ3EWPAP14CB1N1HDQ897W5","1"
"SPXXVB57WQJ8MVTAGXH0CE75DGMWV513Q8KB35BC","1"
"SPZNABG4GB3Z62R66V08WDWSQ4KPYRQ6EENKCYP2","1"
"SP10KJKG77CPDXRTG41ZRVDD24TDZX1P8GGQAFXP8","1"
"SP12E5REG9ZPB91V61A8V4P8XJ63EK3VT058YWZAS","1"
"SP12VBET3KMFJN4KMGX76C8MR3QXDH0Z4WWMSZT6H","1"
"SP1386044X5N01AJAGN50NGKE87K4Q72P7DHVXF3F","1"
"SP13BWBVYRV8ARXPX0VMQ6VR5N671AASS4ZZZ2N6Y","1"
"SP13EZ58DXARG85WFX41KKSPZ9G8BTADRZCTZEZMM","1"
"SP14PFCYJ7MJ6W78WGAC14M8PTBCFJ8QSJP1RS44Q","1"
"SP16W3XFR4M82JYCZQJN2GDPG4MKNA8Q7R6R5GZFS","1"
"SP174VCG73VGZKW1TQ3ZDJQVDVT70S2XDHE4DE5B5","1"
"SP17EV8YSY8MJ9J0ZDHVHXG5YKKX53Q2KKJD2YYX4","1"
"SP17Z76Y7AEVDMV12RP6WC1CMG79M3ZA6R1J5EN4Z","1"
"SP18D4EMA2SX9Y2926Q8NF1BE5WBPGT979M5DN298","1"
"SP1934QK1ZXGCEBB3MN9Y0FNR20GMDWM3Y5P5VV5","1"
"SP19CFFFPNJXXPEBPDJXKJJ2TQT11WEK1M5GJN5W7","1"
"SP1C6WQ9KTV3769S8X8YNAWBXKDG2Y65P5EEDRWR6","1"
"SP1CAWJM18ZXJ7BRJ6W7NKCSE00TD4QYCKFY7XW5G","1"
"SP1CG8MHZB2QZ0GAKZ5P9BXWWRTG74D1PZE097667","1"
"SP1DPNP3RRD6JG1557SP6JMX68W5BV6R2Z74BQEXV","1"
"SP1E4798MP7RNHPVSBM954MSS5EJNM1AC3R53DC31","1"
"SP1E57Z5HCWT49K63MA6KJRPAWNEPWJ7EEC964H3T","1"
"SP1E7DEJG95E0EBZFFGEFGE0QX6Y0CR5V79615FB2","1"
"SP1FV3SN48RVHHQF7456N62G5NW768B8YM44M3AV1","1"
"SP1FXCKY6E03H7HYKWX8Z0DGJ54YDK5CQH1EDSAJM","1"
"SP1H6SQ5825ZP4EYGA9Q79DYSZB46SB7T7CRMB4Q0","1"
"SP1HRK5ZWS3DC0KVSKK7GF32KYJ0TGDE90KXDFC3H","1"
"SP1HRWQ1NB3QP80AWCSNFP7HV7MC9T0D85MTFXJRW","1"
"SP1J26MGNB0TEH4J6G2TVR5TKABDEWHW88SRE5QVQ","1"
"SP1J3ZEZ9SV6Y4BHQ5JAG2CT5F9EVPTZNF8MVCKJD","1"
"SP1J5W1FN3P80XV1YK14BKC6A912WWFGJSW9M92HA","1"
"SP1JT14AAXH7N3TYRX118GB7ZPMH4Q341TS0HM0VB","1"
"SP1MHYF45ZRE9QCG4SRHB72W65K89Q48FSQR4PDNK","1"
"SP1MKM54044H7323201NP14ZKX0AKJ1X8MQ1VM11Z","1"
"SP1NKZ6ZRRV56EBBP5MSQFBC6552REETXT7VZ0B5G","1"
"SP1NW8Q0CTAP9BDCBB0KWC1K5Q0W4JDDS674RGRCR","1"
"SP1PB8DM99TT12C76T1VEN6GM5ZK1NB7M45EM5WHX","1"
"SP1PPYF6ADS1BADN04X97TZV4ZCVD3BDKNFM446WA","1"
"SP1PWMYX45402ZTT5K9TJT1N6W0N3JC5YJ9CMSKG9","1"
"SP1QJDCZ0J9NRPPPZ9186GGBFQZEZM86VKCE19D4T","1"
"SP1R5E7KH6TY435R20GQBJTCVPBEF61WXX62VQJ38","1"
"SP1RW77610RHZ5FHBBCX37PXEG05C5T2BA7657WWM","1"
"SP1SBTRXDJP4N825PY69B1MKTQ4MSPB0DW9JCQHKE","1"
"SP1ST9NA85RZQX2D3P5VEXDKE9WXDZRGKHB88A5CF","1"
"SP1TXGE9FX8JG75QXGADJKSDQFENTVAMJ5JM6YD5G","1"
"SP1XPCCJE4NR82X6D8PX32NF1KAYYM36B5T83J6GP","1"
"SP1XPG9QFX5M95G36SGN9R8YJ4KJ0JB7ZXNH892N6","1"
"SP1Y60B0GCM1P040N7Y0QD9R93Y5EZRJ8YH2BV5NW","1"
"SP1YCKMYRQ38RX7ZXTMX9EZZWNGXJ1QB8A5YR9Z6Q","1"
"SP1YMHHM5HZEA7W4NQF2WK5SK79RAWNJEBRVYTRVF","1"
"SP1YT6QRRHPGJVDKQY89MSGGFHYAETD4FKVTBRH1P","1"
"SP1ZZQN755ERF5S47XKQYTTRBKMT1K1QBR6S5MAA9","1"
"SP208XD20NAHGXA2KE0442F9F03GY23MHEBC60C2K","1"
"SP212MTKCMQAAG4QNK83E9DX5HE9PHE0YBJ09SMT6","1"
"SP214A1B3PWZBDARSHBAXNMX4F2WA4A4TCW66TEM6","1"
"SP21665394YPPDZ40SMC8F6NX9R5KZKF0YSRFGX8C","1"
"SP216YJTD76S81ZXKVHEBTJT77PSVR33AZ57548V3","1"
"SP21A89VNFKAHRFGN0KBXWC97T0EFKXWBH4MJP6MQ","1"
"SP3A5VJWA3CH4BM7W08APVJKJ8MQ7PXXFACWAYA2J","2"
"SPTW2MGMYZEY903JWY79HADBPF2EBFV7D019R1PZ","2"
"SPV00QHST52GD7D0SEWV3R5N04RD4Q1PMA3TE2MP","2"
"SPH6QZB392YWWTPCS6NX2R4R3YBAV7SHQ0QRGB6R","2"
"SP3E3FWG7HCZ0ZQANBY0EB5PV2RXMQG18NG08MGW9","2"
"SP3ZMEFW7VH796ZQAH1JMAJT4WC4VPEZZFB6W5CAD","2"
"SP1P397R7RQHBQH3PMNX8M0F05NETNXAR4SMQBGPR","2"
"SP3CW7TC10NY7BFC53MJJZ1NQ12P4NGSBM90SH7Z8","2"
"SP1PKK6KJPM826D0X6AMCJ63KEH2M456M4T22WAPQ","2"
"SP30HDQ1WGZRD1YTBRPPPYZHKQJ7E8CVYZCTHXKVX","2"
"SP3TBSZ85T6G8V91FGYQ3QG8HNR7GTVVHRCW62B6X","2"
"SP28R593JKNFH8PTWNECR84A83EESKC3CC5P826R5","2"
"SP1QRFVDS76WFV5XCDHAR7FQYTSNM4M1P4TGFZRK1","2"
"SP31R29Q0D8JVN5WTDB0EV3A2M1FV2DVEV35VZV66","2"
"SP3Z20WVS6BXDV2CAD65D55CNY7C62HKQ9HGF1882","2"
"SP3CK642B6119EVC6CT550PW5EZZ1AJW661ZMQTYD","2"
"SPNNXMY01SNT92EEK9DRRG2QW1FA256MCNBPPSRX","2"
"SP1V50HFY8CRC7N65HFH6S778CJEW5GQRBH3YW7BK","2"
"SP3XZVBXAPVVBKV0C0AMR875E8Q7545YX227WNHMN","2"
"SP1VWZ87JH5QVYB1FZ9274Q597XR1ZAQ99KGCTEFS","2"
"SP34S80102KYXHC0C5VC3GDPDVY3WFG1G5G507Y0K","2"
"SP25VMQ9FT1MFGES0ZD3X8BS4CQ0WEK33PD3SJ2E0","2"
"SP3VH4DZ7HJYVHJYWE3JZ6A6XV5YEZW0TZFP55FVJ","2"
"SP3XB5YMZMW4JJZTK318KA0CHY0YBE907VVY3AGZ8","2"
"SP1ZQSWQ9QNNW388VFG45HYX1H592147V2FZZJY8V","2"
"SP3W00ZZE6PN11NHFH5KVEY6Q4P7YCYPTAWM7M9DX","2"
"SP201VQDZD54J2RM07N8283D80X7SY15ZBGCMRB8T","2"
"SP3W7FMHDG1XFH99KP9K4TP39GCZ8SAABBKJQDJNY","2"
"SPEJDX32VPD59F3WG0H5S47WZ1VXCRX6JEBJ1SCH","2"
"SP38GBVK5HEJ0MBH4CRJ9HQEW86HX0H9AP1HZ3SVZ","2"
"SP21K1RWW54ZTYJB3ANR580NVY787CHTTXF7PDF5K","2"
"SP39MP76SSQK9H94BD4CS92788HG41CQTP2T3D34R","2"
"SPP1XFREP00CJXC65955T7HATAS4ZMVQFQ7ZWD7R","2"
"SP3KCAE82ZYFB5DMJE9TW9K9ZQPJYCD9Q02PFB2C8","2"
"SP3KXV3J6MRHAH4H89MDS390X1KS0GQN4DWQ5RFVB","2"
"SP2PCBFFTR6JG9KJM9WTYEWAQCE8QTWBFEW0HQGQZ","2"
"SP2PNN7Z0FB0EQZ8CE0NJE0HH09T19P5WE0GQT0W3","2"
"SPKDKR58FY2MAWRRJ5R56BKJM9R1868276K73KWJ","2"
"SP2J0Z0C54R721YQWPWYPJKK3RPRFV7HD1JFX92NY","2"
"SP2HVP68NY5BD2RDFX0JNXSYRS8AA6R7S30N08NJZ","2"
"SP16WMXHMX3BZZ4Q0E1BT8E794WVYPXNCBZQBCXE1","2"
"SP3MMG05H6T48W5NJEEST0RR3FTPGKPM7C19X5M16","2"
"SP2QV18K6HB5NBE2RWHKH1HY2A3HKJ4NVW7KYN2SY","2"
"SP17JEQ44J7AHRE54X3RX2BT1TEM06YSEJYBR2AT6","2"
"SP17MF5SZF5MSY8TQXK01SZB3VAJTC61QK78WFPHC","2"
"SPJYE321XPCZ73EKM5GHZGC5ACBPS4KHGB4E4GGJ","2"
"SPJXWDR6YPME7X4BZ8PK6WDG76B7DZVHKEPAACF3","2"
"SPXHBSENFDVDRQGA57R9C633DR4FE93V7VSYGK15","2"
"SP3N6EZPTSX8ZV2RGPY9NR9A8CA0QET39CY978H5E","2"
"SP19WSDJWTH4CW3YG554XS5CAXJJGAN83P8CFZ4K1","2"
"SPRA6FK6C5N1Z7G61N77YWTN2C13GEX9NXQ23MX9","2"
"SP2F1QFS7H3GFNGBX4CRY9KRXGBSABQSVQTXANQ1Y","2"
"SP2F18PH7FP22EHS0J0X3A6EFZ9PAW0EZJRET0GXZ","2"
"SP0194E00ZDH74PFA1J6444W1320WQ3XFQX14DM7","2"
"SP2DFX28F1S3CB46B5XH9M5JQ7N4SMCE7CQY1TNYS","2"
"SP3Q1F1P3NYBAJEMPR57WAX7FKV5NSZEAGXC39BPT","2"
"SP3QE6S262BKTV4WV0N80WBFXXKA5CKMH8TGQB3EG","2"
"SP2CZMH9A6FH5QPAJAR8ZG091Z15JKAGY1X0F3EJ0","2"
"SP1FCVMBP2XWJFXJ2VJJ5P2MBD4PKK9R5SPG87EB8","2"
"SP2VP1FCQEJD4NVBZRVG90XPCYCKK9K03FE4E64HQ","2"
"SP1G5YJTM2DT6S3V54334PPDBRXE0QDT7B619C900","2"
"SP1GHMBR6NKXC8HMWWMPKGRZJ6WTZXX1SYJJNJZJA","2"
"SP2CHC7GM2Y8RMMSRC7DSDJW3Y7CNYC2Q9EVFSSHV","2"
"SP2WY40NKKKPPJA6P2W1MXJHN4DNFMVVMNK4D5AFQ","2"
"SP2WYZM0WT2RGH5W5Q5KD3NG0MZT2WVN94W7NHZTY","2"
"SP2BB2Y38C8EDNEK8JTR126GWEFYKY97AG9HRW9CW","2"
"SP3QWA7ACCYXCN7FWBSYAYX9GVBW4THD41JA57ZRT","2"
"SP10WX7YZBTRA5C8PK1RCNZWWB9QXZZCAZRYNKKD9","2"
"SP2YCTDRDMZ7ZJCY1B3AG2354VFCKWVPZA2ASMEJ6","2"
"SP2BAPW5YCZMYZ37X6BQY4YXSG6AY3PYMB1PSBK4F","2"
"SP1KYADNQFZBR5FNPN0PQV85TN54577MZX84B971W","2"
"SP38E8D3J94P84VPE1Z8ST1H22CNGETPPKTXK12PY","3"
"SP110TAR7RZE8ZTHMTMZYN76KT4440CS1KADFCG2B","3"
"SP3BWAHYMTHQZHSB8N49AXQNTYWBACQBAN8Z4QFRD","3"
"SPCD0QPKVDYE1VBK616J8RM65W6RHP7ZV5Q49GYX","3"
"SP21YYYQX9PWEFS9P6SNJ9JN9657FGGYREGGZMC5A","3"
"SP3910KBW2WAXNDM5VXWGH0JR3JFD245YWM9BA5HE","3"
"SP3N8VF6CDC3144BS1J9GDGA57BVXDYEY666WTRGN","3"
"SP12BEEDG31J0AH68DFDJJYZ36D002PKDZCP1DZQE","3"
"SP2MN9BT5230AM8YPXK4JVYRMAXJ6G3VZ206ZS8X1","3"
"SP1CE3NQXDKCJ2KEFFGCVFA5C196S9F0RRX93HY87","3"
"SPSHJE4F0D0ZKJZ1DVXEDFFD6AKHHKF31H3M77B8","3"
"SP71N7X6G8KYGQPHZW7TB4PD1JZ6ND9AESF9JPZ8","3"
"SPYF9PC72BSWS0DGA33FR24GCG81MG1Z96463H68","3"
"SP1P637C9NB6GSK9TY8AT8SN3QKH1WSV5ZVCZZSKS","3"
"SP1DY2QDFZAR8VK5S9DMYW2AW0WXQ16NNRG3PJDTX","3"
"SPV48Q8E5WP4TCQ63E9TV6KF9R4HP01Z8WS3FBTG","3"
"SP1RH1K9BTHGSZ8D6EK07EM7VVZHGXCMMPFZTBBKW","3"
"SPY914WERKVS8B46P6BDKY1V0J1HTKH8EPWETJSE","3"
"SP1KNK0HP2ZTGHEE1YAPM85HTDHF89G2MCEJCP08G","3"
"SP2J9G3YY6KT9BJT703YKMRPFSHWPTQKY945X6S44","3"
"SPMA6RDYSSJN440848VC1WBN4YQ5181MKRKWHVPF","3"
"SP4EMKNFNVE7EG0WB1H0YVTK4T1X4HJXM8E3G21Y","3"
"SP3AFTJ38PSZQBXZGNCDGM05GR0SFY7HBPZD2ACR2","3"
"SP3HN2AE3EDYXHP7CARQXVPWRA7CWDKJB23S0ZRQJ","3"
"SP1GH7Q7R73X27TQGV27MVKDHR4YF83HZAMJ9K5YH","3"
"SP26ZSXREMGCD8M71Y4FVA17QBC42EV0VM3HPVXYQ","3"
"SP2FHRXHTZBFGPFKSNWFGYPNBQXKSXC2JFJZ7BY7D","3"
"SP3TF77S4XWBMZ455YTYWRMRMHTM7AZDM6258ACR3","3"
"SP325GSC37A1BP5N4ST16FX5821H9MTK7WPVWTS0P","4"
"SP12FXX43RDKMHD2BNQTT6XYQX4AMEEG52XT36N9S","4"
"SP2R3TQNEDXZ5VJ0JZ2839J82R9R99GRCY05PF1ZR","4"
"SPT7J3VXH570NNCKRVJ7YEMBB5S7F2418RMH4KHM","4"
"SP2Y73SR8PAY8NVF9WPH2WKDFVQVVWNRW8N4AEC7C","4"
"SPN9JGFGXFJZD7AM5VF2S7BRATNCQYVHVWG3087B","4"
"SPNWZ5V2TPWGQGVDR6T7B6RQ4XMGZ4PXTEE0VQ0S.marketplace-v3","4"
"SP387GZNN3BY6YGZTTZK9XB40TDFJSSPGWMG1QQTG","4"
"SPXE4CC9QNP0VVVMWHQDAQ3DZ8WCFTV5J2RZWRM0","4"
"SP76FT674E3S2SKP6DGEK0T11HR14ECEYZX06JJV","4"
"SP3VS5SB62BPD0TS96NQP4Z29Q36S5EXTS4E03K9C","5"
"SP3J87S84SYSDJ75DJG7E188685NR7E5SQBCT6C8B","5"
"SPVP9JFZGJ4GPFN69NNG5HR79FFVB42DXY31RY42","5"
"SP382KJMX81NQ3W3EVMQS934B8BAE74JYNRWY2SPV","5"
"SP1BE278MVWGWSW0CH2AZ598M9DHE72NEFP00WTR4","5"
"SP1BX0P4MZ5A3A5JCH0E10YNS170QFR2VQ6TT4NRH.byzantion-market-v7","5"
"SP2TEMT965FN4EW7AK18GJPDZC7E6KE8G0VPTCJHH","5"
"SP3HYKJ3S85N2VSC4SFPY1J8C5P4RK1BFEPN97JKN","5"
"SP187B4D4GRPTV7B0FV55DEHNQG9STAP6PZ2CDKVH","5"
"SP3C5W9RSSYG3SVP192DCQY4Z2WQWPJ9YEERKTPSY","5"
"SPEEDDVQT54H2FH17S5BBMY0M4FRPB287HGDJ01A","5"
"SP127TSB0V1Y76GVPBZ718AHAZTAE9QJTYEVGRDKE","5"
"SP6JDQDZW8YK594HV804PX1DQM3DSB4SQA8NHAQK","5"
"SP1QJ3WKYJ4PTQD8NWR0749WEJFV7D5R7YCGCFAZV","5"
"SP1PH4J1HXWS1W02PSKJB2YR6ZA5CJ733AZESG9EW","5"
"SP2S1FVQGJDZB60T8P2S9TGBHTZDXJ0T744W874N4","5"
"SP303N4NA7E504T3HMR5JCJGXTJY4DA5K8330CZ9Q","5"
"SP1NHAJSCFK5S4F7PVHYP2CA9ZTA4Z9V7WJ7BYH6F","5"
"SP1MMTPXD2Z37XGHVA80RSCXBFHF549GM02W8XR2A","5"
"SP1A6X04DBBTR6M4GED30FE927P45RWERX1T5F6G9","5"
"SP1H24VCRBASP9KCGNWWW0SX64PMWNSFG4HGDGQF6","6"
"SP1VSF1J0G89EYQTQMP5RVT84D1PJ5K4CB2KDDB98","6"
"SP1TT29AQ5AE5ME6Q1R6W5ZGWMEY3ARP215SQ40D3","6"
"SP329QBXF6Y0G7HNF1ENQZTDDX6C8SR649J1M9WXJ","6"
"SP3CRPEKTPQSPTH5J3QMV61YM38MDG2TC25N0SM8N","6"
"SPMC582NBMSHD0XVKPJBYRRW1TM1XCQCJC8RX7XJ","6"
"SP2XKCW6RD03GJM3WQYB4KBWHFX9380ZSKMVAKTJ2","6"
"SPXN9S0RA3XDG95NE90F93GTQ3VXGB7B71ZJ4KXA","6"
"SP3N66VSF1HAH9BP36XEAT2JZWZ45TDJXWENGS7Y5","6"
"SP3M72S3S5085CHCMH6KWQG6NGFT9MYFJRZX036P2","6"
"SP10RYHXKKY0AWC09Z6SMGR4PC5QEYYEYZY3TYKSW","6"
"SP2VG2FS5AACNV59NYAPNX6SS48R17HTC5NR15QRX","7"
"SP185YFZ295ATWKHS6AEZRT80JYA40CR2V8FC76BM","7"
"SP38X6Q1ADESZX5ZHPZYX3M2BB1HTRCEE2EPTGS59","7"
"SP1CWB8EVDX1K7JGB8NZHQZW4E790F093R5N43ZKT","7"
"SP10TSSGP0S44ARF8R0AGNGE1YRDB52CJXT16KWQP","7"
"SP1EA7P3FRBN7CH04275N2XM6J03GS3Q49VGSZ3C9","7"
"SP3SKH6YB515J76KVDHDHBTE2GQ4CV6QJHC5GJKRF","7"
"SP10AZC9MXS77B5JWFZE47K23NKXBMF4F5F8V4Y82","7"
"SP25GDE2M3T2Y3MHXBG6RAJB47B9TYS74DF88SCD4","7"
"SP270BH8T9ZANH8VDNC2VSNKCNMZNEYPF79AWA7QY","7"
"SP1SCEXE6PMGPAC6B4N5P2MDKX8V4GF9QDE1FNNGJ","7"
"SPPEQ4ZDR6AWR4K2PTDY51D83AE6WWDJK8G0A11F","8"
"SP1M3B85KWJTMS7ZSWFB16QD5X37096NDVD5YYGHX","9"
"SP16BC59Y29FYZPP7WF8QB376STCVW33W4J9BWP06","11"
"SPNWZ5V2TPWGQGVDR6T7B6RQ4XMGZ4PXTEE0VQ0S.marketplace-v4","22"
"SP3FVVJNZFA798WEAGM24NYQTVS8SDQSBNG0QDTR3","66"